trajectory_id	T1_standard_name	T1_name	T1_phecode	T2_standard_name	T2_name	T2_phecode	AOU_T1_local_GWAS_term	AOU_T2_local_GWAS_term	AOU_T1toT2_local_GWAS_term	BBJ_T1_local_GWAS_term	BBJ_T2_local_GWAS_term	BBJ_T1toT2_local_GWAS_term	CKB_T1_local_GWAS_term	CKB_T2_local_GWAS_term	CKB_T1toT2_local_GWAS_term	FinnGen_T1_local_GWAS_term	FinnGen_T2_local_GWAS_term	FinnGen_T1toT2_local_GWAS_term	GHI_T1_local_GWAS_term	GHI_T2_local_GWAS_term	GHI_T1toT2_local_GWAS_term	HUNT_T1_local_GWAS_term	HUNT_T2_local_GWAS_term	HUNT_T1toT2_local_GWAS_term	MGBB_T1_local_GWAS_term	MGBB_T2_local_GWAS_term	MGBB_T1toT2_local_GWAS_term	MGI_T1_local_GWAS_term	MGI_T2_local_GWAS_term	MGI_T1toT2_local_GWAS_term	MVP_T1_local_GWAS_term	MVP_T2_local_GWAS_term	MVP_T1toT2_local_GWAS_term	PMBB_T1_local_GWAS_term	PMBB_T2_local_GWAS_term	PMBB_T1toT2_local_GWAS_term	UKBB_T1_local_GWAS_term	UKBB_T2_local_GWAS_term	UKBB_T1toT2_local_GWAS_term
AFtoPACEMAKER	AF	Atrial fibrillation	427.2	PACEMAKER	Pacemaker status / implantation	426.9	Birth_to_AF	Birth_to_PACEMAKER	AFtoPACEMAKER; AF_to_PACEMAKER							I9_AF	PACEMAKER	I9_AF_PACEMAKER_0	AFib	Cardiac_Pacemaker	AFib_to_Cardiac_Pacemaker				427.2	426.9	427.2_to_426.9	AF	PACEMAKER	AFtoPACEMAKER	AF	PACEMAKER	AFtoPACEMAKER				AF	PACEMAKER	AFtoPACEMAKER
ANGINAtoHEARTFAIL	ANGINA	Angina pectoris	411.3	HEARTFAIL	Heart failure	428.2	Birth_to_ANGINA	Birth_to_HEARTFAIL	ANGINAtoHEARTFAIL	ANGINA	HEARTFAIL	ANGINAtoHEARTFAIL	ANGINA	HEARTFAIL	ANGINAtoHEARTFAIL	I9_ANGINA	I9_HEARTFAIL	I9_ANGINA_I9_HEARTFAIL_0				ANGINA	HEARTFAIL	ANGINAtoHEARTFAIL	411.3	428.2	411.3_to_428.2	ANGINA	HEARTFAIL	ANGINAtoHEARTFAIL							ANGINA	HEARTFAIL	ANGINAtoHEARTFAIL
ASTHMAtoBRONCHI	ASTHMA	Asthma	495	BRONCHI	Bronchitis	496.3	Birth_to_ASTHMA	Birth_to_BRONCHI	ASTHMAtoBRONCHI; ASTHMA_to_BRONCHI																			ASTHMA	BRONCHI	ASTHMAtoBRONCHI							ASTHMA	BRONCHI	ASTHMAtoBRONCHI
ASTHMAtoEMPHYSEMA	ASTHMA	Asthma	495	EMPHYSEMA	Emphysema	496.1	Birth_to_ASTHMA	Birth_to_EMPHYSEMA	ASTHMAtoEMPHYSEMA; ASTHMA_to_EMPHYSEMA				ASTHMA	EMPHYSEMA	ASTHMAtoEMPHYSEMA										495	496.1	495_to_496.1	ASTHMA	EMPHYSEMA	ASTHMAtoEMPHYSEMA	ASTHMA	EMPHYSEMA	ASTHMAtoEMPHYSEMA				ASTHMA	EMPHYSEMA	ASTHMAtoEMPHYSEMA
CADtoHEARTFAIL	CAD	Coronary atherosclerosis / coronary artery disease	411.4	HEARTFAIL	Heart failure	428.2	Birth_to_CAD	Birth_to_HEARTFAIL	CADtoHEARTFAIL; CAD_to_HEARTFAIL	CAD	HEARTFAIL	CADtoHEARTFAIL	CAD	HEARTFAIL	CADtoHEARTFAIL	I9_CORATHER	I9_HEARTFAIL	I9_CORATHER_I9_HEARTFAIL_0	CAD	Heart_Failure	CAD_to_Heart_Failure	CAD	HEARTFAIL	CADtoHEARTFAIL	411.4	428.2	411.4_to_428.2	CAD	HEARTFAIL	CADtoHEARTFAIL	CAD	HEARTFAIL	CADtoHEARTFAIL				CAD	HEARTFAIL	CADtoHEARTFAIL
CEREBRARTtoCEREBVASC	CEREBRART	Cerebral artery occlusion / stenosis	433.2	CEREBVASC	Cerebrovascular disease	433.8	Birth_to_CEREBRART	Birth_to_CEREBVASC	CEREBRARTtoCEREBVASC; CEREBRART_to_CEREBVASC				CEREBRART	CEREBVASC	CEREBRARTtoCEREBVASC							CEREBRART	CEREBVASC	CEREBRARTtoCEREBVASC				CEREBRART	CEREBVASC	CEREBRARTtoCEREBVASC	CEREBRART	CEREBVASC	CEREBRARTtoCEREBVASC				CEREBRART	CEREBVASC	CEREBRARTtoCEREBVASC
COPDtoLUNGCA	COPD	Chronic obstructive pulmonary disease	496.21	LUNGCA	Lung cancer	165.1	Birth_to_COPD	Birth_to_LUNGCA	COPDtoLUNGCA				COPD	LUNGCA	COPDtoLUNGCA	J10_COPD	C3_BRONCHUS_LUNG	J10_COPD_C3_BRONCHUS_LUNG_0										COPD	LUNGCA	COPDtoLUNGCA	COPD	LUNGCA	COPDtoLUNGCA				COPD	LUNGCA	COPDtoLUNGCA
COPDtoPULMHEART	COPD	Chronic obstructive pulmonary disease	496.21	PULMHEART	Pulmonary heart disease	415.2	Birth_to_COPD	Birth_to_PULMHEART	COPDtoPULMHEART				COPD	PULMHEART	COPDtoPULMHEART	J10_COPD	I9_PULMHEART	J10_COPD_I9_PULMHEART_0										COPD	PULMHEART	COPDtoPULMHEART	COPD	PULMHEART	COPDtoPULMHEART				COPD	PULMHEART	COPDtoPULMHEART
COPDtoRESP	COPD	Chronic obstructive pulmonary disease	496.21	RESP	Respiratory failure / insufficiency	509.1	Birth_to_COPD	Birth_to_RESP	COPDtoRESP; COPD_to_RESP				COPD	RESP	COPDtoRESP										496.21	509.1	496.21_to_509.1	COPD	RESP	COPDtoRESP	COPD	RESP	COPDtoRESP				COPD	RESP	COPDtoRESP
GLAUCOMAtoBLIND	GLAUCOMA	Glaucoma	365	BLIND	Blindness and low vision	367.9	Birth_to_GLAUCOMA	Birth_to_BLIND	GLAUCOMAtoBLIND; GLAUCOMA_to_BLIND							H7_GLAUCOMA	H7_BLINDANDVISIMPAIRMENT	H7_GLAUCOMA_H7_BLINDANDVISIMPAIRMENT_0							365	367.9	365_to_367.9	GLAUCOMA	BLIND	GLAUCOMAtoBLIND	GLAUCOMA	BLIND	GLAUCOMAtoBLIND				GLAUCOMA	BLIND	GLAUCOMAtoBLIND
HEARTFAILtoCARDARR	HEARTFAIL	Heart failure	428.2	CARDARR	Cardiac arrhythmia	427.42	Birth_to_HEARTFAIL	Birth_to_CARDARR	HEARTFAILtoCARDARR													HEARTFAIL	CARDARR	HEARTFAILtoCARDARR	428.2	427.42	428.2_to_427.42	HEARTFAIL	CARDARR	HEARTFAILtoCARDARR							HEARTFAIL	CARDARR	HEARTFAILtoCARDARR
HYPTENSESStoCKD	HYPTENSESS	Essential hypertension	401.1	CKD	Chronic kidney disease	585.3	Birth_to_HYPTENSESS; HYPTENSESS	Birth_to_CKD	HYPTENSESStoCKD; HYPTENSESS_to_CKD				HYPTENSESS	CKD	HYPTENSESStoCKD	I9_HYPTENSESS	N14_CHRONKIDNEYDIS	I9_HYPTENSESS_N14_CHRONKIDNEYDIS_0	Essential_Hypertension	CKD	Essential_Hypertension_to_CKD							HYPTENSESS	CKD	HYPTENSESStoCKD	HYPTENSESS	CKD	HYPTENSESStoCKD	HYPTENSESS	CKD	HYPTENSESS_to_CKD	HYPTENSESS	CKD	HYPTENSESStoCKD
HYPTENSESStoHEARTFAIL	HYPTENSESS	Essential hypertension	401.1	HEARTFAIL	Heart failure	428.2	Birth_to_HYPTENSESS; HYPTENSESS	Birth_to_HEARTFAIL	HYPTENSESStoHEARTFAIL; HYPTENSESS_to_HEARTFAIL				HYPTENSESS	HEARTFAIL	HYPTENSESStoHEARTFAIL	I9_HYPTENSESS	I9_HEARTFAIL	I9_HYPTENSESS_I9_HEARTFAIL_0	Essential_Hypertension	Heart_Failure	Essential_Hypertension_to_Heart_Failure	HYPTENSESS	HEARTFAIL	HYPTENSESStoHEARTFAIL	401.1	428.2	401.1_to_428.2	HYPTENSESS	HEARTFAIL	HYPTENSESStoHEARTFAIL	HYPTENSESS	HEARTFAIL	HYPTENSESStoHEARTFAIL	HYPTENSESS	HEARTFAIL	HYPTENSESS_to_HEARTFAIL	HYPTENSESS	HEARTFAIL	HYPTENSESStoHEARTFAIL
HYPTENSESStoMI	HYPTENSESS	Essential hypertension	401.1	MI	Myocardial infarction	411.2	Birth_to_HYPTENSESS; HYPTENSESS	Birth_to_MI	HYPTENSESStoMI; HYPTENSESS_to_MI				HYPTENSESS	MI	HYPTENSESStoMI	I9_HYPTENSESS	I9_MI	I9_HYPTENSESS_I9_MI_0	Essential_Hypertension	MI	Essential_Hypertension_to_MI	HYPTENSESS	MI	HYPTENSESStoMI	401.1	411.2	401.1_to_411.2	HYPTENSESS	MI	HYPTENSESStoMI	HYPTENSESS	MI	HYPTENSESStoMI	HYPTENSESS	MI	HYPTENSESS_to_MI	HYPTENSESS	MI	HYPTENSESStoMI
HYPTENSESStoSTROKE	HYPTENSESS	Essential hypertension	401.1	STROKE	Ischemic stroke	433.21	Birth_to_HYPTENSESS; HYPTENSESS	Birth_to_STROKE	HYPTENSESStoSTROKE; HYPTENSESS_to_STROKE				HYPTENSESS	STROKE	HYPTENSESStoSTROKE	I9_HYPTENSESS	I9_STR	I9_HYPTENSESS_I9_STR_0	Essential_Hypertension	Cerebral_Artery_Occlusion_w_Stroke	Essential_Hypertension_to_Cerebral_Artery_Occlusion_w_Stroke	HYPTENSESS	STROKE	HYPTENSESStoSTROKE	401.1	433.21	401.1_to_433.21	HYPTENSESS	STROKE	HYPTENSESStoSTROKE	HYPTENSESS	STROKE	HYPTENSESStoSTROKE				HYPTENSESS	STROKE	HYPTENSESStoSTROKE
MIGRAINEtoHYPTENSESS	MIGRAINE	Migraine	340	HYPTENSESS	Essential hypertension	401.1	Birth_to_MIGRAINE	Birth_to_HYPTENSESS; HYPTENSESS	MIGRAINEtoHYPTENSESS; MIGRAINE_to_HYPTENSESS							G6_MIGRAINE	I9_HYPTENSESS	G6_MIGRAINE_I9_HYPTENSESS_0	Migraine	Essential_Hypertension	Migraine_to_Essential_Hypertension							MIGRAINE	HYPTENSESS	MIGRAINEtoHYPTENSESS	MIGRAINE	HYPTENSESS	MIGRAINEtoHYPTENSESS				MIGRAINE	HYPTENSESS	MIGRAINEtoHYPTENSESS
MItoHEARTFAIL	MI	Myocardial infarction	411.2	HEARTFAIL	Heart failure	428.2	Birth_to_MI	Birth_to_HEARTFAIL	MItoHEARTFAIL; MI_to_HEARTFAIL	MI	HEARTFAIL	MItoHEARTFAIL	MI	HEARTFAIL	MItoHEARTFAIL	I9_MI	I9_HEARTFAIL	I9_MI_I9_HEARTFAIL_0				MI	HEARTFAIL	MItoHEARTFAIL	411.2	428.2	411.2_to_428.2	MI	HEARTFAIL	MItoHEARTFAIL	MI	HEARTFAIL	MItoHEARTFAIL				MI	HEARTFAIL	MItoHEARTFAIL
OBESITYtoHEARTFAIL	OBESITY	Obesity	278.1	HEARTFAIL	Heart failure	428.2	Birth_to_OBESITY	Birth_to_HEARTFAIL	OBESITYtoHEARTFAIL; OBESITY_to_HEARTFAIL							E4_OBESITY	I9_HEARTFAIL	E4_OBESITY_I9_HEARTFAIL_0	Obesity	Heart_Failure	Obesity_to_Heart_Failure				278.1	428.2	278.1_to_428.2	OBESITY	HEARTFAIL	OBESITYtoHEARTFAIL	OBESITY	HEARTFAIL	OBESITYtoHEARTFAIL				OBESITY	HEARTFAIL	OBESITYtoHEARTFAIL
PARKINSONtoDEMENTIA	PARKINSON	Parkinson disease	332	DEMENTIA	Dementia	290.1	Birth_to_PARKINSON	Birth_to_DEMENTIA	PARKINSONtoDEMENTIA							G6_PARKINSON	F5_DEMENTIA	G6_PARKINSON_F5_DEMENTIA_0										PARKINSON	DEMENTIA	PARKINSONtoDEMENTIA							PARKINSON	DEMENTIA	PARKINSONtoDEMENTIA
T1DtoCAD	T1D	Type 1 diabetes mellitus	250.1	CAD	Coronary atherosclerosis / coronary artery disease	411.4	Birth_to_T1D	Birth_to_CAD	T1DtoCAD; T1D_to_CAD							E4_DM1	I9_CORATHER	E4_DM1_I9_CORATHER_0							250.1	411.4	250.1_to_411.4	T1D	CAD	T1DtoCAD	T1D	CAD	T1DtoCAD				T1D	CAD	T1DtoCAD
T1DtoNEUROPATHY	T1D	Type 1 diabetes mellitus	250.1	NEUROPATHY	Diabetic neuropathy	250.6	Birth_to_T1D	Birth_to_NEUROPATHY	T1DtoNEUROPATHY; T1D_to_NEUROPATHY	T1D	NEUROPATHY	T1DtoNEUROPATHY				E4_DM1	DM_NEUROPATHY	E4_DM1_DM_NEUROPATHY_0							250.1	250.6	250.1_to_250.6	T1D	NEUROPATHY	T1DtoNEUROPATHY	T1D	NEUROPATHY	T1DtoNEUROPATHY				T1D	NEUROPATHY	T1DtoNEUROPATHY
T1DtoRETINOPATHY	T1D	Type 1 diabetes mellitus	250.1	RETINOPATHY	Diabetic retinopathy	250.7	Birth_to_T1D	Birth_to_RETINOPATHY	T1DtoRETINOPATHY; T1D_to_RETINOPATHY	T1D	RETINOPATHY	T1DtoRETINOPATHY				E4_DM1	DM_RETINOPATHY	E4_DM1_DM_RETINOPATHY_0										T1D	RETINOPATHY	T1DtoRETINOPATHY	T1D	RETINOPATHY	T1DtoRETINOPATHY				T1D	RETINOPATHY	T1DtoRETINOPATHY
T2DtoATHSCLE	T2D	Type 2 diabetes mellitus	250.2	ATHSCLE	Atherosclerosis	440	Birth_to_T2D	Birth_to_ATHSCLE	T2DtoATHSCLE; T2D_to_ATHSCLE				T2D	ATHSCLE	T2DtoATHSCLE	E4_DM2	I9_ATHSCLE	E4_DM2_I9_ATHSCLE_0	T2D	Atherosclerosis	T2D_to_Atherosclerosis				250.2	440	250.2_to_440	T2D	ATHSCLE	T2DtoATHSCLE	T2D	ATHSCLE	T2DtoATHSCLE				T2D	ATHSCLE	T2DtoATHSCLE
T2DtoCAD	T2D	Type 2 diabetes mellitus	250.2	CAD	Coronary atherosclerosis / coronary artery disease	411.4	Birth_to_T2D	Birth_to_CAD	T2DtoCAD; T2D_to_CAD	T2D	CAD	T2DtoCAD	T2D	CAD	T2DtoCAD	E4_DM2	I9_CORATHER	E4_DM2_I9_CORATHER_0	T2D	CAD	T2D_to_CAD				250.2	411.4	250.2_to_411.4	T2D	CAD	T2DtoCAD	T2D	CAD	T2DtoCAD	T2D	CAD	T2D_to_CAD	T2D	CAD	T2DtoCAD
T2DtoCARDARR	T2D	Type 2 diabetes mellitus	250.2	CARDARR	Cardiac arrhythmia	427.42	Birth_to_T2D	Birth_to_CARDARR	T2DtoCARDARR; T2D_to_CARDARR							E4_DM2	I9_CARDARR	E4_DM2_I9_CARDARR_0							250.2	427.42	250.2_to_427.42	T2D	CARDARR	T2DtoCARDARR							T2D	CARDARR	T2DtoCARDARR
T2DtoHEARTFAIL	T2D	Type 2 diabetes mellitus	250.2	HEARTFAIL	Heart failure	428.2	Birth_to_T2D	Birth_to_HEARTFAIL	T2DtoHEARTFAIL; T2D_to_HEARTFAIL	T2D	HEARTFAIL	T2DtoHEARTFAIL	T2D	HEARTFAIL	T2DtoHEARTFAIL	E4_DM2	I9_HEARTFAIL	E4_DM2_I9_HEARTFAIL_0	T2D	Heart_Failure	T2D_to_Heart_Failure				250.2	428.2	250.2_to_428.2	T2D	HEARTFAIL	T2DtoHEARTFAIL	T2D	HEARTFAIL	T2DtoHEARTFAIL	T2D	HEARTFAIL	T2D_to_HEARTFAIL	T2D	HEARTFAIL	T2DtoHEARTFAIL
T2DtoNEPHROPATHY	T2D	Type 2 diabetes mellitus	250.2	NEPHROPATHY	Diabetic nephropathy	250.22	Birth_to_T2D	Birth_to_NEPHROPATHY	T2DtoNEPHROPATHY; T2D_to_NEPHROPATHY	T2D	NEPHROPATHY	T2DtoNEPHROPATHY				E4_DM2	DM_NEPHROPATHY	E4_DM2_DM_NEPHROPATHY_0	T2D	Diabetic_Nephropathy	T2D_to_Diabetic_Nephropathy							T2D	NEPHROPATHY	T2DtoNEPHROPATHY	T2D	NEPHROPATHY	T2DtoNEPHROPATHY				T2D	NEPHROPATHY	T2DtoNEPHROPATHY
T2DtoNEUROPATHY	T2D	Type 2 diabetes mellitus	250.2	NEUROPATHY	Diabetic neuropathy	250.6	Birth_to_T2D	Birth_to_NEUROPATHY	T2DtoNEUROPATHY; T2D_to_NEUROPATHY	T2D	NEUROPATHY	T2DtoNEUROPATHY				E4_DM2	DM_NEUROPATHY	E4_DM2_DM_NEUROPATHY_0	T2D	Diabetic_Neuropathy	T2D_to_Diabetic_Neuropathy							T2D	NEUROPATHY	T2DtoNEUROPATHY	T2D	NEUROPATHY	T2DtoNEUROPATHY				T2D	NEUROPATHY	T2DtoNEUROPATHY
T2DtoRETINOPATHY	T2D	Type 2 diabetes mellitus	250.2	RETINOPATHY	Diabetic retinopathy	250.7	Birth_to_T2D	Birth_to_RETINOPATHY	T2DtoRETINOPATHY; T2D_to_RETINOPATHY	T2D	RETINOPATHY	T2DtoRETINOPATHY				E4_DM2	DM_RETINOPATHY	E4_DM2_DM_RETINOPATHY_0										T2D	RETINOPATHY	T2DtoRETINOPATHY	T2D	RETINOPATHY	T2DtoRETINOPATHY	T2D	RETINOPATHY	T2D_to_RETINOPATHY	T2D	RETINOPATHY	T2DtoRETINOPATHY
